296,KCCI,SALL
297,KCCI,SALL
298,KCCI,SALL
263,KCCI,SALL
238,KCCI,SALL
239,KCCI,SALL
172,KCCI,SALL
170,KCCI,SALL
171,KCCI,SALL
147,KCCI,SALL
148,KCCI,SALL
150,KCCI,SALL
151,KCCI,SALL
155,KCCI,SALL
129,KCCI,SALL
133,KCCI,SALL
149,KCCI,SALL
128,KCCI,SALL,ZIMT
777,KCCI,SALL
899,KCCI,SALL
37,KCCI,SALL
38,KCCI,SALL
39,KCCI,SALL
40,KCCI,SALL
41,KCCI,SALL
42,KCCI,SALL
43,KCCI,SALL
44,KCCI,SALL
47,KCCI,SALL
50,KCCI,SALL
51,KCCI,SALL
52,KCCI,SALL
53,KCCI,SALL
54,KCCI,SALL
55,KCCI,SALL
56,KCCI,SALL
57,KCCI,SALL
58,KCCI,SALL
59,KCCI,SALL
60,KCCI,SALL
61,KCCI,SALL
62,KCCI,SALL
63,KCCI,SALL
67,KCCI,SALL
68,KCCI,SALL
69,KCCI,SALL
70,KCCI,SALL
71,KCCI,SALL
72,KCCI,SALL
73,KCCI,SALL
74,KCCI,SALL
75,KCCI,SALL
76,KCCI,SALL
77,KCCI,SALL
78,KCCI,SALL
79,KCCI,SALL
80,KCCI,SALL
81,KCCI,SALL
82,KCCI,SALL
83,KCCI,SALL
84,KCCI,SALL
85,KCCI,SALL
86,KCCI,SALL
90,KCCI,SALL
91,KCCI,SALL
92,KCCI,SALL
93,KCCI,SALL
94,KCCI,SALL
109,KCCI,SALL
121,KCCI,SALL
122,KCCI,SALL
123,KCCI,SALL
124,KCCI,SALL
125,KCCI,SALL
173,KCCI,SALL
0,KELO,SALL
1,KELO,SALL
3,KELO,SALL
4,KELO,SALL
5,KELO,SALL
6,KELO,SALL
7,KELO,SALL
8,KELO,SALL
9,KELO,SALL
906,KELO,SALL
11,KELO,SALL
908,KELO,SALL
13,KELO,SALL
910,KELO,SALL
15,KELO,SALL
912,KELO,SALL
913,KELO,SALL
904,KELO,SALL
916,KELO,SALL
917,KELO,SALL
918,KELO,SALL
25,KELO,SALL
920,KELO,SALL
921,KELO,SALL
900,KELO,SALL
911,KELO,SALL
924,KELO,SALL
922,KELO,SALL
901,KELO,SALL
923,KELO,SALL
902,KELO,SALL
909,KELO,SALL
903,KELO,SALL
907,KELO,SALL
914,KELO,SALL
49,KELO,SALL,WALL
919,KELO,SALL
7,KELO,SALL
905,KELO,SALL
915,KELO,SALL
500,KELO,SALL
501,KELO,SALL
502,KELO,SALL
503,KELO,SALL
504,KELO,SALL
505,KELO,SALL
506,KELO,SALL
507,KELO,SALL
508,KELO,SALL
509,KELO,SALL
510,KELO,SALL
511,KELO,SALL
512,KELO,SALL
602,KIMT,SALL,KCCI
603,KIMT,SALL,KCCI
604,KIMT,SALL,KCCI
605,KIMT,SALL,KCCI
606,KIMT,SALL,KCCI
607,KIMT,SALL,KCCI
608,KIMT,SALL,KCCI
609,KIMT,SALL,KCCI
610,KIMT,SALL,KCCI
611,KIMT,SALL,KCCI
612,KIMT,SALL,KCCI
613,KIMT,SALL,KCCI
614,KIMT,SALL,KCCI
615,KIMT,SALL,KCCI
616,KIMT,SALL,KCCI
617,KIMT,SALL,KCCI
618,KIMT,SALL,KCCI
619,KIMT,SALL,KCCI
620,KIMT,SALL,KCCI
621,KIMT,SALL,KCCI
622,KIMT,SALL,KCCI
623,KIMT,SALL,KCCI
624,KIMT,SALL,KCCI
625,KIMT,SALL,KCCI
626,KIMT,SALL,KCCI
627,KIMT,SALL,KCCI
628,KIMT,SALL,KCCI
629,KIMT,SALL,KCCI
630,KIMT,SALL,KCCI
631,KIMT,SALL,KCCI
632,KIMT,SALL,KCCI
